Appliances,lights,T1,RH_1
60,30,19.89,47.59666667
60,30,19.89,46.69333333
50,30,19.89,46.3
