Appliances,lights,T1,RH_1,T2,RH_2,T3,RH_3,T4,RH_4,T5,RH_5
60,30,19.89,47.59666667,19.2,44.79,19.79,44.73,19,45.56666667,17.16666667,55.2
60,30,19.89,46.69333333,19.2,44.7225,19.79,44.79,19,45.9925,17.16666667,55.2
50,30,19.89,46.3,19.2,44.62666667,19.79,44.93333333,18.92666667,45.89,17.16666667,55.09
50,40,19.89,46.06666667,19.2,44.59,19.79,45,18.89,45.72333333,17.16666667,55.09
60,40,19.89,46.33333333,19.2,44.53,19.79,45,18.89,45.53,17.2,55.09
